<?xml version="1.0" encoding="UTF-8"?>

<!--
<[[

Description = "Mafia 2 materials configuration script"
Version  = 1.1.1

]]>
-->


<configset>
  <!--
  //=====================================
  //
  //  Vehicle shaders:
  //
  //=====================================
  -->
  <config title="Vehicle - paint"
          group="Mafia 2"
          hint="Paintable mesh with bump-map (UV#1), dirt/snow-map (UV#2) and livery on UV#3, opacity on Detail3 Alpha.">
    <undo mode="IMaterial" />
    <alpha vertAffect="Off" mapAffect="Detail3" mapTexel="A" mapAffectLevel="1.0" blendSrc="One" blendDest="Zero" opacity="1.0" clip="off"/>
    <basics class="rend::CShaderMaterial" shader="system.bump.triplediff.refl" adapt="paint"
            specular="on" emissive="0" options="+ZTest+ZWrite+CastShadows"/>
    <color type="ambient" value="(16, 35, 24)" />
    <color type="emissive" value="(0, 0, 0)" />
    <advancedcolor type="dustColor" value="(255, 255, 255)" level="100" affectMap="Detail" affectTexel="1-A" options="+matted"/>
    <advancedcolor type="scratchColor" value="(128, 128, 128)" level="100" affectMap="Detail2" affectTexel="1-R" options="+matted+glossy"/>
    <sampler type="Detail" inputMap="Detail" inputTexel="RGB" uv="Manual#1" inputAffectMap="Detail" inputAffectTexel="1-A"
              transition="" inputTransitionMap="Const" outputLevel="0" outputAngularLevel="0" addressU="wrap" addressV="wrap" 
              magFilter="linear" minFilter="linear" mipFilter="point" />
    <sampler type="Detail2" inputMap="Detail2" inputTexel="AG" uv="Manual#2" inputAffectMap="DamageLevel" inputAffectTexel="A"
              transition="" inputTransitionMap="Const" outputLevel="1" outputAngularLevel="0" addressU="wrap" addressV="wrap" 
              magFilter="linear" minFilter="linear" mipFilter="point" />
    <sampler type="Detail3" inputMap="Detail3" inputTexel="RGB" uv="Manual#1" inputAffectMap="Const" 
              transition="" inputTransitionMap="Const" outputLevel="0" outputAngularLevel="0" addressU="wrap" addressV="wrap" 
              magFilter="linear" minFilter="linear" mipFilter="point" />
    <sampler type="Bump" texture="UnivNormal.dds" inputMap="Bump" inputTexel="AG" uv="Manual#1" inputAffectMap="Const" 
              transition="" inputTransitionMap="Const" outputLevel="1" outputAngularLevel="0" addressU="wrap" addressV="wrap" 
              magFilter="linear" minFilter="linear" mipFilter="point" />
    <custom name="MODE" mode="add" value="5.0"/>
  </config>

  <config title="Vehicle - paint L2"
          group="Mafia 2"
          hint="Paintable Low-res mesh with bump-map (UV#1), dirt/snow-map (UV#2), opacity on Detail2 Alpha.">
    <undo mode="IMaterial" />
    <alpha vertAffect="Off" mapAffect="Detail2" mapTexel="A" mapAffectLevel="1.0" blendSrc="One" blendDest="Zero" opacity="1.0" clip="off"/>
    <basics class="rend::CShaderMaterial" shader="system.bump.dualdiff.refl" adapt="paintL2"
            specular="on" emissive="0" options="+ZTest+ZWrite+CastShadows"/>
    <color type="ambient" value="(16, 35, 24)" />
    <color type="emissive" value="(0, 0, 0)" />
    <advancedcolor type="dustColor" value="(255, 255, 255)" level="100" affectMap="Detail" affectTexel="1-A" options="+matted"/>
    <sampler type="Detail" inputMap="Detail" inputTexel="RGB" uv="Manual#1" inputAffectMap="Detail" inputAffectTexel="1-A"
              transition="" inputTransitionMap="Const" outputLevel="0" outputAngularLevel="0" addressU="wrap" addressV="wrap" 
              magFilter="linear" minFilter="linear" mipFilter="point" />
    <sampler type="Detail2" inputMap="Detail2" inputTexel="RGB" uv="Manual#1" inputAffectMap="Const" 
              transition="" inputTransitionMap="Const" outputLevel="0" outputAngularLevel="0" addressU="wrap" addressV="wrap" 
              magFilter="linear" minFilter="linear" mipFilter="point" />
    <sampler type="Bump" texture="UnivNormal.dds" inputMap="Bump" inputTexel="AG" uv="Manual#1" inputAffectMap="Const" 
              transition="" inputTransitionMap="Const" outputLevel="1" outputAngularLevel="0" addressU="wrap" addressV="wrap" 
              magFilter="linear" minFilter="linear" mipFilter="point" />
    <sampler type="Env" inputMap="Env" inputTexel="RGB" outputAngularLevel="95" />
  </config>
  
  <config title="Vehicle - generic"
          group="Mafia 2"
          hint="General purpose material with bump-map (UV#2) and burnt effect.">
    <undo mode="IMaterial" />
    <alpha vertAffect="Off" mapAffect="Const" mapTexel="A" mapAffectLevel="1.0" blendSrc="One" blendDest="Zero" opacity="1.0" clip="off"/>
    <basics class="rend::CShaderMaterial" shader="system.bump.triplediff.spec_refl" adapt="generic"
            specular="on" emissive="0" options="+ZTest+ZWrite+CastShadows+IgnoreVertexColor"/>
    <color type="emissive" value="(0, 0, 0)" />
    <advancedcolor type="burnColor" value="(12, 8, 6)" level="100" affectMap="Detail2" affectTexel="1-A" options="+matted"/>
    <advancedcolor type="scratchColor" value="(128, 128, 128)" level="100" affectMap="Detail3" affectTexel="1-R" options="+matted+glossy"/>
    <sampler type="Detail" inputMap="Detail" inputTexel="RGB" uv="Manual#1" inputAffectMap="Const" inputAffectTexel="A"
              transition="" inputTransitionMap="Const" outputLevel="1" outputAngularLevel="0" addressU="wrap" addressV="wrap" 
              magFilter="linear" minFilter="linear" mipFilter="point" />
    <sampler type="Detail2" inputMap="Detail2" inputTexel="RGB" uv="Manual#1" inputAffectMap="Detail2" inputAffectTexel="1-A"
              transition="" inputTransitionMap="Const" outputLevel="0" outputAngularLevel="0" addressU="wrap" addressV="wrap" 
              magFilter="linear" minFilter="linear" mipFilter="point" />
    <sampler type="Detail3" inputMap="Detail2" inputTexel="AG" uv="Manual#2" inputAffectMap="DamageLevel" inputAffectTexel="A"
              transition="" inputTransitionMap="Const" outputLevel="1" outputAngularLevel="0" addressU="wrap" addressV="wrap" 
              magFilter="linear" minFilter="linear" mipFilter="point" />
    <sampler type="Bump" texture="UnivNormal.dds" inputMap="Bump" inputTexel="AG" uv="Manual#1" inputAffectMap="Const" 
              transition="" inputTransitionMap="Const" outputLevel="1" outputAngularLevel="0" addressU="wrap" addressV="wrap" 
              magFilter="linear" minFilter="linear" mipFilter="point" />
    <sampler type="Spec" texture="UnivKastle.dds" inputMap="Spec" inputTexel="R" uv="Manual#1" addressU="wrap" addressV="wrap" 
              magFilter="linear" minFilter="linear" mipFilter="point" />
    <custom name="MODE" mode="add" value="0"/>
    <custom name="MODE2" mode="add" value="4"/>
  </config>

 
  <config title="Vehicle - snow"
          group="Mafia 2"
          hint="Snow material">
    <undo mode="IMaterial" />
    <alpha vertAffect="Off" mapAffect="Detail" mapTexel="A" mapAffectLevel="1.0" 
           blendSrc="One" blendDest="Zero" opacity="1.0" clip="on" clipValue="16" />
    <basics class="rend::CShaderMaterial" shader="system.diff_spec" adapt="snow"
            specular="on" emissive="0" options="+ZTest+ZWrite-CastShadows+IgnoreVertexColor"/>
    <color type="ambient" value="(30, 30, 30)" />
    <color type="specular" value="(60, 60, 60)" />
    <color type="emissive" value="(0, 0, 0)" />
    <sampler type="Detail" texture="SnowD.dds" inputMap="Detail" inputTexel="RGB" uv="Manual#1" inputAffectMap="Const" inputAffectTexel="A"
              transition="" inputTransitionMap="Const" outputLevel="1" outputAngularLevel="0" addressU="wrap" addressV="wrap" 
              magFilter="linear" minFilter="linear" mipFilter="point" />
    <sampler type="Spec" texture="SnowS.dds" inputMap="Spec" inputTexel="R" uv="Manual#1" inputAffectMap="Const" inputAffectTexel="A"
              transition="" inputTransitionMap="Const" outputLevel="1" outputAngularLevel="0" addressU="wrap" addressV="wrap" 
              magFilter="linear" minFilter="linear" mipFilter="point" />
    <user name="hash" mode="add" value="6dc72b6b14930446"/>
  </config>

  <config title="Vehicle - glass"
          group="Mafia 2"
          hint="Breakable glass.">
    <undo mode="IMaterial" />
    <alpha vertAffect="Off" mapAffect="Detail2" mapTexel="1-A" mapAffectLevel="1.0" blendSrc="SrcAlpha" blendDest="InvSrcAlpha" opacity="1.0" clip="off"/>
    <basics class="rend::CShaderMaterial" shader="system.dualdiff.refl" adapt="glass"
            specular="on" emissive="0" options="+ZTest+ZWrite+CastShadows"/>
    <color type="ambient" value="(180, 180, 180)" />
    <color type="specular" value="(40, 40, 40)" />
    <color type="emissive" value="(0, 0, 0)" />
    <advancedcolor type="dustColor" value="(255, 255, 255)" level="100" affectMap="Detail2" affectTexel="1-A" options="+matted"/>
    <sampler type="Detail" texture="glas_broken.dds" inputMap="Detail" inputTexel="RGB" uv="Manual#2" inputAffectMap="DamageLevel" inputAffectTexel="A"
              transition="" inputTransitionMap="Const" outputLevel="1" outputAngularLevel="0" addressU="wrap" addressV="wrap" 
              magFilter="linear" minFilter="linear" mipFilter="point" />
    <sampler type="Detail2" inputMap="Detail2" inputTexel="RGB" uv="Manual#1" inputAffectMap="Detail2" inputAffectTexel="1-A"
              transition="" inputTransitionMap="Const" outputLevel="0" outputAngularLevel="0" addressU="wrap" addressV="wrap" 
              magFilter="linear" minFilter="linear" mipFilter="point" />
    <sampler type="Env" inputMap="Env" inputTexel="RGB" outputLevel="0.8" />
    <custom name="MODE" mode="add" value="0"/>
    <user name="hash" mode="add" value="7bc7d1010852035"/>
  </config>

  <config title="Vehicle - GLPC (mesh_lit)"
          group="Mafia 2"
          hint="Mesh with emissive light effect -res mesh with bump-map (UV#1), dirt/snow-map (UV#2), opacity on Detail2 Alpha.">
    <undo mode="IMaterial" />
    <alpha vertAffect="Off" mapAffect="Detail2" mapTexel="A" mapAffectLevel="1.0" blendSrc="One" blendDest="Zero" opacity="1.0" clip="off"/>
    <basics class="rend::CShaderMaterial" shader="system.bump.dualdiff.spec_refl" adapt="mesh_lit"
            specular="on" emissive="0" options="+ZTest+ZWrite+CastShadows"/>
    <color type="ambient" value="(30, 30, 30)" />
    <advancedcolor type="emissive" value="(0, 0, 0)" level="100" affectMap="Spec" affectTexel="B" />
    <sampler type="Detail" texture="gplc.dds" inputMap="Detail" inputTexel="RGB" uv="Manual#1" inputAffectMap="Const"
              transition="" inputTransitionMap="Const" outputLevel="1" outputAngularLevel="0" addressU="wrap" addressV="wrap" 
              magFilter="linear" minFilter="linear" mipFilter="point" />
    <sampler type="Detail2" texture="pismo.dds" inputMap="Detail2" inputTexel="RGB" uv="Manual#2" inputAffectMap="Detail2"  inputAffectTexel="A"
              transition="" inputTransitionMap="Const" outputLevel="1" outputAngularLevel="0" addressU="wrap" addressV="wrap" 
              magFilter="linear" minFilter="linear" mipFilter="point" />
    <sampler type="Bump" texture="gplc_n.dds" inputMap="Bump" inputTexel="AG" uv="Manual#1" inputAffectMap="Const" 
              transition="" inputTransitionMap="Const" outputLevel="1" outputAngularLevel="0" addressU="clamp" addressV="clamp" 
              magFilter="linear" minFilter="linear" mipFilter="point" />
    <sampler type="Spec" texture="gplc_s.dds" inputMap="Spec" inputTexel="R" uv="Manual#1" inputAffectMap="Const" 
              transition="" inputTransitionMap="Const" outputLevel="1" outputAngularLevel="0" addressU="clamp" addressV="clamp" 
              magFilter="linear" minFilter="linear" mipFilter="point" />
    <sampler type="Env" inputMap="Env" inputTexel="RGB" inputAffectMap="Spec"  inputAffectTexel="G" outputAngularLevel="-99" />
    <custom name="MODE" mode="add" value="1"/>
    <user name="hash" mode="add" value="39010abe1a4d13b8"/>
  </config>

  <config title="diff"
          group="Mafia 2"
          hint="General purpose single texture non-reflective material without effects.">
    <undo mode="IMaterial" />
    <alpha vertAffect="Off" mapAffect="Const" mapTexel="A" mapAffectLevel="1.0" blendSrc="One" blendDest="Zero" opacity="1.0" clip="off"/>
    <basics class="rend::CShaderMaterial" shader="system.diff" adapt="diff"
            specular="on" emissive="0" options="+ZTest+ZWrite+CastShadows+IgnoreVertexColor"/>
    <color type="emissive" value="(0, 0, 0)" />
    <sampler type="Detail" inputMap="Detail" inputTexel="RGB" uv="Manual#1" inputAffectMap="Const" inputAffectTexel="A"
              transition="" inputTransitionMap="Const" outputLevel="1" outputAngularLevel="0" addressU="wrap" addressV="wrap" 
              magFilter="linear" minFilter="linear" mipFilter="point" />
  </config>

  <config title="basic"
          group="Mafia 2"
          hint="General purpose single texture non-reflective material without effects.">
    <undo mode="IMaterial" />
    <color type="ambient" value="(30, 30, 30)" />
    <color type="emissive" value="(0, 0, 0)" />
    <sampler type="Detail" inputMap="Detail" inputTexel="RGB" uv="Manual#1" inputAffectMap="Const"
              transition="" inputTransitionMap="Const" outputLevel="1" outputAngularLevel="0" addressU="wrap" addressV="wrap" 
              magFilter="linear" minFilter="linear" mipFilter="point" />
    <sampler type="Bump" inputMap="Bump" inputTexel="AG" uv="Manual#1" inputAffectMap="Const" 
              transition="" inputTransitionMap="Const" outputLevel="1" outputAngularLevel="0" addressU="clamp" addressV="clamp" 
              magFilter="linear" minFilter="linear" mipFilter="point" />
    <sampler type="Spec" inputMap="Spec" inputTexel="R" uv="Manual#1" inputAffectMap="Const" 
              transition="" inputTransitionMap="Const" outputLevel="1" outputAngularLevel="0" addressU="clamp" addressV="clamp" 
              magFilter="linear" minFilter="linear" mipFilter="point" />
    <sampler type="Env" inputMap="Env" inputTexel="RGB" outputAngularLevel="0" />
  </config>

</configset>
